{"cameraMode":{"drawMode":0,"name":"Shaded","section":"Shading Mode"},"sceneLighting":true,"audioPlay":false,"sceneViewState":{"m_AlwaysRefresh":false,"showFog":true,"showSkybox":true,"showFlares":true,"showImageEffects":true,"showParticleSystems":true,"showVisualEffectGraphs":true,"m_FxEnabled":true},"in2DMode":false,"pivot":{"x":1.1659772396087647,"y":1.0120078325271607,"z":1.1208364963531495},"rotation":{"x":-0.07107428461313248,"y":0.9280067682266235,"z":-0.23627662658691407,"w":-0.2791532576084137},"size":0.2660253643989563,"orthographic":false}